experiment,channel_row,ycoord_um,reldepth,cluster,PC1,PC2
05-15-2022,0,-15.0,0.0000,6,8.00668,-15.24114
05-15-2022,4,15.0,0.0323,6,8.70584,-15.76748
05-15-2022,6,30.0,0.0645,6,9.20753,-15.78678
05-15-2022,10,60.0,0.0968,6,9.86511,-14.91618
05-15-2022,12,75.0,0.1290,6,10.54918,-14.33802
05-15-2022,16,105.0,0.1613,6,12.16242,-11.96280
05-15-2022,18,120.0,0.1935,6,12.99271,-10.39537
05-15-2022,22,150.0,0.2258,6,15.07240,-6.81828
05-15-2022,24,165.0,0.2581,6,15.79600,-5.37847
05-15-2022,28,195.0,0.2903,6,16.89943,-2.41035
05-15-2022,30,210.0,0.3226,6,17.40204,-0.81963
05-15-2022,34,240.0,0.3548,4,18.40972,3.29380
05-15-2022,36,255.0,0.3871,4,18.93550,4.62758
05-15-2022,40,285.0,0.4194,4,18.96408,7.36666
05-15-2022,42,300.0,0.4516,4,18.21410,8.84261
05-15-2022,46,330.0,0.4839,4,16.33149,10.92821
05-15-2022,96,345.0,0.5161,4,14.90765,12.23598
05-15-2022,100,375.0,0.5484,4,12.82010,13.26192
05-15-2022,102,390.0,0.5806,4,11.54129,14.20402
05-15-2022,106,420.0,0.6129,4,9.17786,15.39988
05-15-2022,108,435.0,0.6452,4,8.37047,15.52567
05-15-2022,112,465.0,0.6774,4,6.91971,16.25538
05-15-2022,114,480.0,0.7097,4,6.10609,16.74206
05-15-2022,118,510.0,0.7419,4,6.31275,17.14639
05-15-2022,120,525.0,0.7742,4,6.32077,17.18763
05-15-2022,124,555.0,0.8065,4,6.49384,17.97789
05-15-2022,125,570.0,0.8387,4,1.78068,18.71887
05-15-2022,129,600.0,0.8710,4,2.50786,19.15747
05-15-2022,131,615.0,0.9032,4,2.74929,19.22956
05-15-2022,135,645.0,0.9355,4,3.36627,20.19114
05-15-2022,137,660.0,0.9677,4,4.16315,19.96464
05-15-2022,141,690.0,1.0000,4,5.03732,20.57822
05-17-2022,0,-15.0,0.0000,4,3.72472,-0.39058
05-17-2022,4,15.0,0.0323,4,0.33597,2.11012
05-17-2022,6,30.0,0.0645,4,0.49618,1.17650
05-17-2022,10,60.0,0.0968,4,-2.32299,3.79942
05-17-2022,12,75.0,0.1290,4,-2.41752,3.82042
05-17-2022,16,105.0,0.1613,4,-3.19685,4.42314
05-17-2022,18,120.0,0.1935,4,-2.79673,3.70053
05-17-2022,22,150.0,0.2258,4,-3.83465,5.10823
05-17-2022,24,165.0,0.2581,4,-3.86805,5.19584
05-17-2022,28,195.0,0.2903,4,-4.79444,6.34672
05-17-2022,30,210.0,0.3226,4,-4.54258,6.24271
05-17-2022,34,240.0,0.3548,4,-4.51992,6.91477
05-17-2022,36,255.0,0.3871,4,-4.42271,6.90822
05-17-2022,40,285.0,0.4194,4,-4.65739,8.29161
05-17-2022,42,300.0,0.4516,4,-4.35004,8.08126
05-17-2022,46,330.0,0.4839,4,-2.47935,6.60732
05-17-2022,96,345.0,0.5161,4,-4.04230,9.75864
05-17-2022,100,375.0,0.5484,4,-1.44546,7.45763
05-17-2022,102,390.0,0.5806,4,-2.55083,10.56514
05-17-2022,106,420.0,0.6129,4,-3.21114,13.33934
05-17-2022,108,435.0,0.6452,4,-2.67179,14.05283
05-17-2022,112,465.0,0.6774,4,-2.24808,15.58209
05-17-2022,114,480.0,0.7097,4,-2.54172,16.93113
05-17-2022,118,510.0,0.7419,4,0.50197,20.36969
05-17-2022,120,525.0,0.7742,4,0.30096,21.60233
05-17-2022,124,555.0,0.8065,3,8.34748,16.27647
05-17-2022,126,570.0,0.8387,3,4.77334,23.19314
05-17-2022,130,600.0,0.8710,3,5.50239,24.89219
05-17-2022,132,615.0,0.9032,3,6.56975,23.58654
05-17-2022,136,645.0,0.9355,3,14.23149,11.08754
05-17-2022,138,660.0,0.9677,3,9.28936,23.99334
05-17-2022,142,690.0,1.0000,3,6.10954,28.10304
06-18-2022,0,0.0,0.0000,1,-48.36656,-2.38302
06-18-2022,4,30.0,0.0323,1,-48.80260,-2.29023
06-18-2022,6,45.0,0.0645,1,-49.09087,-2.24023
06-18-2022,10,75.0,0.0968,1,-49.57871,-2.06674
06-18-2022,12,90.0,0.1290,1,-49.00753,-2.45200
06-18-2022,16,120.0,0.1613,1,-49.54241,-1.93947
06-18-2022,18,135.0,0.1935,1,-49.89259,-1.52717
06-18-2022,22,165.0,0.2258,1,-49.95919,-1.37208
06-18-2022,24,180.0,0.2581,1,-49.82200,-1.33403
06-18-2022,28,210.0,0.2903,1,-49.50001,-1.73915
06-18-2022,30,225.0,0.3226,1,-50.10602,-0.93393
06-18-2022,34,255.0,0.3548,1,-49.57491,-1.22789
06-18-2022,36,270.0,0.3871,1,-49.86117,-0.54461
06-18-2022,40,300.0,0.4194,1,-49.31275,-0.50989
06-18-2022,42,315.0,0.4516,1,-50.08068,0.25150
06-18-2022,46,345.0,0.4839,1,-49.79293,0.34939
06-18-2022,96,360.0,0.5161,1,-49.40328,0.32749
06-18-2022,100,390.0,0.5484,1,-48.59750,0.49785
06-18-2022,102,405.0,0.5806,1,-48.70774,0.85500
06-18-2022,106,435.0,0.6129,1,-49.02224,1.18946
06-18-2022,108,450.0,0.6452,1,-48.77514,2.17327
06-18-2022,112,480.0,0.6774,1,-48.10708,2.35039
06-18-2022,114,495.0,0.7097,1,-47.26188,1.92550
06-18-2022,118,525.0,0.7419,1,-47.82567,3.99090
06-18-2022,120,540.0,0.7742,1,-46.84372,3.83161
06-18-2022,124,570.0,0.8065,4,-15.54156,-17.85923
06-18-2022,126,585.0,0.8387,1,-46.53314,5.78980
06-18-2022,130,615.0,0.8710,1,-45.26803,6.65720
06-18-2022,132,630.0,0.9032,1,-45.15509,7.54359
06-18-2022,136,660.0,0.9355,1,-44.39847,9.04502
06-18-2022,138,675.0,0.9677,1,-43.68646,10.93939
06-18-2022,142,705.0,1.0000,1,-41.44797,12.84542
06-21-2022,0,-15.0,0.0000,5,10.20854,-19.65146
06-21-2022,4,15.0,0.0323,5,9.77872,-20.29949
06-21-2022,6,30.0,0.0645,5,9.61607,-19.91363
06-21-2022,10,60.0,0.0968,5,10.09390,-18.42379
06-21-2022,12,75.0,0.1290,5,10.77719,-17.72844
06-21-2022,16,105.0,0.1613,5,12.70006,-17.27821
06-21-2022,18,120.0,0.1935,5,13.67381,-17.67287
06-21-2022,22,150.0,0.2258,5,15.38519,-18.78903
06-21-2022,24,165.0,0.2581,5,16.17994,-19.58398
06-21-2022,28,195.0,0.2903,5,17.40138,-21.29757
06-21-2022,30,210.0,0.3226,5,17.76405,-22.01586
06-21-2022,34,240.0,0.3548,5,17.90844,-22.70242
06-21-2022,36,255.0,0.3871,5,17.79894,-22.59898
06-21-2022,40,285.0,0.4194,5,17.48414,-21.03349
06-21-2022,42,300.0,0.4516,5,16.95933,-19.42350
06-21-2022,46,330.0,0.4839,6,12.57827,-12.75728
06-21-2022,96,345.0,0.5161,6,8.82341,-9.55195
06-21-2022,100,375.0,0.5484,4,-1.56480,-4.23255
06-21-2022,102,390.0,0.5806,4,-5.05194,-3.54609
06-21-2022,106,420.0,0.6129,4,-8.54374,-4.54776
06-21-2022,108,435.0,0.6452,4,-9.40899,-5.50060
06-21-2022,112,465.0,0.6774,4,-10.22156,-7.95856
06-21-2022,114,480.0,0.7097,4,-10.55423,-8.61022
06-21-2022,118,510.0,0.7419,4,-11.56011,-9.66797
06-21-2022,120,525.0,0.7742,4,-12.22395,-9.93840
06-21-2022,124,555.0,0.8065,4,-12.65540,-10.99886
06-21-2022,126,570.0,0.8387,4,-14.48935,-9.76891
06-21-2022,130,600.0,0.8710,4,-15.68248,-9.65809
06-21-2022,132,615.0,0.9032,4,-16.29586,-9.57300
06-21-2022,136,645.0,0.9355,4,-17.63083,-9.04835
06-21-2022,138,660.0,0.9677,4,-18.17462,-8.88076
06-21-2022,142,690.0,1.0000,4,-19.01376,-8.42177
06-24-2022,0,-15.0,0.0000,3,29.79134,2.08743
06-24-2022,4,15.0,0.0323,3,27.23960,-1.32675
06-24-2022,6,30.0,0.0645,3,25.94188,-3.02053
06-24-2022,10,60.0,0.0968,3,23.99241,-4.66850
06-24-2022,12,75.0,0.1290,3,23.07877,-3.22267
06-24-2022,16,105.0,0.1613,3,21.04227,0.40979
06-24-2022,18,120.0,0.1935,3,20.01233,1.33433
06-24-2022,22,150.0,0.2258,3,15.35306,4.75776
06-24-2022,24,165.0,0.2581,3,13.75466,6.16540
06-24-2022,28,195.0,0.2903,3,12.64643,7.03613
06-24-2022,30,210.0,0.3226,3,12.68844,6.88258
06-24-2022,34,240.0,0.3548,3,10.88374,8.02397
06-24-2022,36,255.0,0.3871,3,9.24657,9.01129
06-24-2022,40,285.0,0.4194,3,6.16180,10.77596
06-24-2022,42,300.0,0.4516,3,4.89225,11.72373
06-24-2022,46,330.0,0.4839,3,2.61738,12.85060
06-24-2022,96,345.0,0.5161,3,1.41352,13.39571
06-24-2022,100,375.0,0.5484,3,-0.41102,14.27627
06-24-2022,102,390.0,0.5806,3,-1.32964,14.87761
06-24-2022,106,420.0,0.6129,3,-2.81866,15.79361
06-24-2022,108,435.0,0.6452,3,-3.49159,16.24574
06-24-2022,112,465.0,0.6774,3,-4.43338,16.89360
06-24-2022,114,480.0,0.7097,3,-4.98881,17.25882
06-24-2022,118,510.0,0.7419,3,-5.90952,17.92853
06-24-2022,120,525.0,0.7742,3,-6.35880,18.42843
06-24-2022,124,555.0,0.8065,3,-2.40375,13.30272
06-24-2022,126,570.0,0.8387,3,-8.34274,20.26085
06-24-2022,130,600.0,0.8710,3,-8.33120,19.23039
06-24-2022,132,615.0,0.9032,3,-8.43016,18.88564
06-24-2022,136,645.0,0.9355,3,-9.05669,19.01721
06-24-2022,138,660.0,0.9677,3,-9.22989,18.39959
06-24-2022,142,690.0,1.0000,3,-9.79707,18.58184
06-25-2022,0,0.0,0.0000,5,18.25066,-20.12047
06-25-2022,4,30.0,0.0323,5,18.48622,-23.58720
06-25-2022,6,45.0,0.0645,5,18.25701,-24.92045
06-25-2022,10,75.0,0.0968,5,17.15723,-26.11983
06-25-2022,12,90.0,0.1290,5,16.58627,-25.97779
06-25-2022,16,120.0,0.1613,5,15.38054,-23.64426
06-25-2022,18,135.0,0.1935,5,15.09388,-22.26243
06-25-2022,22,165.0,0.2258,5,14.42713,-18.98359
06-25-2022,24,180.0,0.2581,5,13.40554,-16.61113
06-25-2022,28,210.0,0.2903,5,9.11669,-10.32335
06-25-2022,30,225.0,0.3226,5,6.79840,-8.04929
06-25-2022,34,255.0,0.3548,5,1.66964,-3.86388
06-25-2022,36,270.0,0.3871,5,-0.87805,-2.39423
06-25-2022,40,300.0,0.4194,2,-4.58966,-0.71904
06-25-2022,42,315.0,0.4516,2,-6.20385,-0.27018
06-25-2022,46,345.0,0.4839,2,-8.51012,-0.20965
06-25-2022,96,360.0,0.5161,2,-9.31494,-0.30913
06-25-2022,100,390.0,0.5484,2,-11.03806,-0.53935
06-25-2022,102,405.0,0.5806,2,-11.81816,-0.64053
06-25-2022,106,435.0,0.6129,2,-13.64360,-0.54151
06-25-2022,108,450.0,0.6452,2,-14.71220,-0.34173
06-25-2022,112,480.0,0.6774,2,-16.43565,-0.21958
06-25-2022,114,495.0,0.7097,2,-17.42777,0.03673
06-25-2022,118,525.0,0.7419,2,-19.34947,0.51998
06-25-2022,120,540.0,0.7742,2,-20.20212,0.63861
06-25-2022,124,570.0,0.8065,2,-18.80770,-2.04834
06-25-2022,126,585.0,0.8387,2,-22.20860,1.09878
06-25-2022,130,615.0,0.8710,2,-23.19293,1.09134
06-25-2022,132,630.0,0.9032,2,-23.65848,1.05012
06-25-2022,136,660.0,0.9355,2,-24.78924,1.28183
06-25-2022,138,675.0,0.9677,2,-25.03737,1.23813
06-25-2022,142,705.0,1.0000,2,-25.73000,1.22588
06-29-2022,0,-15.0,0.0000,2,-17.03312,-5.10784
06-29-2022,4,15.0,0.0323,2,-18.16272,-4.87854
06-29-2022,6,30.0,0.0645,2,-18.70841,-4.74739
06-29-2022,10,60.0,0.0968,2,-19.56970,-4.65220
06-29-2022,12,75.0,0.1290,2,-19.96844,-4.63457
06-29-2022,16,105.0,0.1613,2,-20.82675,-4.50965
06-29-2022,18,120.0,0.1935,2,-21.27670,-4.45169
06-29-2022,22,150.0,0.2258,2,-22.07383,-4.44504
06-29-2022,24,165.0,0.2581,2,-22.40848,-4.43410
06-29-2022,28,195.0,0.2903,2,-22.94973,-4.43191
06-29-2022,30,210.0,0.3226,2,-23.25808,-4.34378
06-29-2022,34,240.0,0.3548,2,-23.68718,-4.29781
06-29-2022,36,255.0,0.3871,2,-23.99237,-4.09619
06-29-2022,40,285.0,0.4194,2,-24.33862,-3.88552
06-29-2022,42,300.0,0.4516,2,-24.56225,-3.67748
06-29-2022,46,330.0,0.4839,2,-24.79944,-3.42922
06-29-2022,96,345.0,0.5161,2,-24.93114,-3.30239
06-29-2022,100,375.0,0.5484,2,-25.09356,-2.93845
06-29-2022,102,390.0,0.5806,2,-25.27008,-2.71737
06-29-2022,106,420.0,0.6129,2,-25.42818,-2.28881
06-29-2022,108,435.0,0.6452,2,-25.50810,-1.99319
06-29-2022,112,465.0,0.6774,2,-25.59112,-1.58738
06-29-2022,114,480.0,0.7097,2,-25.56859,-1.38384
06-29-2022,118,510.0,0.7419,2,-25.67363,-0.75436
06-29-2022,120,525.0,0.7742,2,-25.63835,-0.51374
06-29-2022,124,555.0,0.8065,2,-19.94621,-5.62923
06-29-2022,126,570.0,0.8387,2,-25.62126,0.31072
06-29-2022,130,600.0,0.8710,2,-25.15433,0.48327
06-29-2022,132,615.0,0.9032,2,-25.03301,0.72695
06-29-2022,136,645.0,0.9355,2,-24.71551,1.58419
06-29-2022,138,660.0,0.9677,2,-24.46324,1.82596
06-29-2022,142,690.0,1.0000,2,-23.72859,2.69375
07-04-2022,0,-15.0,0.0000,5,-2.24220,-26.61775
07-04-2022,4,15.0,0.0323,5,-1.97498,-24.76978
07-04-2022,6,30.0,0.0645,5,-1.71860,-23.70312
07-04-2022,10,60.0,0.0968,5,-2.50698,-17.92270
07-04-2022,12,75.0,0.1290,5,-3.21904,-15.02328
07-04-2022,16,105.0,0.1613,4,-4.84453,-10.64301
07-04-2022,18,120.0,0.1935,4,-5.88998,-8.85758
07-04-2022,22,150.0,0.2258,4,-7.71046,-6.03043
07-04-2022,24,165.0,0.2581,4,-8.60162,-4.87982
07-04-2022,28,195.0,0.2903,4,-10.39924,-2.82391
07-04-2022,30,210.0,0.3226,4,-11.52830,-1.71917
07-04-2022,34,240.0,0.3548,4,-13.39893,-0.22782
07-04-2022,36,255.0,0.3871,4,-14.47026,0.48611
07-04-2022,40,285.0,0.4194,4,-16.17223,1.67488
07-04-2022,42,300.0,0.4516,4,-17.10936,2.31054
07-04-2022,46,330.0,0.4839,4,-18.91383,3.22547
07-04-2022,95,345.0,0.5161,4,-22.83083,-5.73082
07-04-2022,99,375.0,0.5484,4,-22.44785,2.73861
07-04-2022,101,390.0,0.5806,4,-23.22095,2.88894
07-04-2022,105,420.0,0.6129,4,-24.60068,2.92509
07-04-2022,107,435.0,0.6452,4,-25.23950,3.06542
07-04-2022,111,465.0,0.6774,4,-26.53313,3.21471
07-04-2022,113,480.0,0.7097,4,-27.14983,3.35075
07-04-2022,117,510.0,0.7419,4,-28.30180,3.64743
07-04-2022,119,525.0,0.7742,4,-28.82467,3.83904
07-04-2022,123,555.0,0.8065,4,-30.25948,4.45352
07-04-2022,125,570.0,0.8387,4,-31.84981,5.79611
07-04-2022,128,600.0,0.8710,4,-30.62655,5.81107
07-04-2022,130,615.0,0.9032,4,-31.08536,5.66335
07-04-2022,134,645.0,0.9355,4,-32.01575,5.37524
07-04-2022,136,660.0,0.9677,4,-32.33332,5.14154
07-04-2022,140,690.0,1.0000,4,-33.17229,5.06386
07-06-2022,0,0.0,0.0000,5,-0.06685,-30.99738
07-06-2022,4,30.0,0.0323,5,-0.38853,-34.58152
07-06-2022,6,45.0,0.0645,5,-0.41786,-36.07354
07-06-2022,10,75.0,0.0968,5,-0.55407,-37.59009
07-06-2022,12,90.0,0.1290,5,-0.73367,-37.64066
07-06-2022,16,120.0,0.1613,5,-1.51528,-36.22256
07-06-2022,18,135.0,0.1935,5,-2.36883,-34.90127
07-06-2022,22,165.0,0.2258,5,-4.96487,-31.52628
07-06-2022,24,180.0,0.2581,5,-7.41840,-28.80489
07-06-2022,28,210.0,0.2903,4,-14.32726,-22.92539
07-06-2022,30,225.0,0.3226,4,-18.51838,-20.07924
07-06-2022,34,255.0,0.3548,1,-32.96151,-12.07547
07-06-2022,36,270.0,0.3871,1,-37.66429,-9.89991
07-06-2022,40,300.0,0.4194,1,-45.21114,-7.73099
07-06-2022,42,315.0,0.4516,1,-47.09669,-7.81015
07-06-2022,46,345.0,0.4839,1,-47.53676,-9.72832
07-06-2022,96,360.0,0.5161,1,-46.86658,-10.88101
07-06-2022,100,390.0,0.5484,1,-45.30049,-12.78077
07-06-2022,102,405.0,0.5806,1,-45.01318,-13.27685
07-06-2022,106,435.0,0.6129,1,-45.12691,-13.79289
07-06-2022,108,450.0,0.6452,1,-45.33792,-14.09595
07-06-2022,112,480.0,0.6774,1,-46.07665,-14.33349
07-06-2022,114,495.0,0.7097,1,-46.83676,-14.06997
07-06-2022,118,525.0,0.7419,1,-48.39464,-13.60633
07-06-2022,120,540.0,0.7742,1,-49.08211,-13.39119
07-06-2022,124,570.0,0.8065,1,-47.54907,-14.69116
07-06-2022,126,585.0,0.8387,1,-51.36415,-12.42356
07-06-2022,130,615.0,0.8710,1,-52.71292,-11.99682
07-06-2022,132,630.0,0.9032,1,-53.17021,-11.83778
07-06-2022,136,660.0,0.9355,1,-54.25482,-11.29435
07-06-2022,138,675.0,0.9677,1,-54.71818,-11.22596
07-06-2022,142,705.0,1.0000,1,-55.48917,-10.97485
07-07-2022,0,0.0,0.0000,5,15.06370,-18.89160
07-07-2022,4,30.0,0.0323,5,15.92358,-22.53750
07-07-2022,6,45.0,0.0645,5,16.31329,-24.79479
07-07-2022,10,75.0,0.0968,5,16.62879,-28.98801
07-07-2022,12,90.0,0.1290,5,16.64677,-31.47269
07-07-2022,16,120.0,0.1613,5,16.04999,-36.13581
07-07-2022,18,135.0,0.1935,5,15.57515,-38.33559
07-07-2022,22,165.0,0.2258,5,14.57427,-40.39101
07-07-2022,24,180.0,0.2581,5,13.82611,-40.30556
07-07-2022,28,210.0,0.2903,5,12.07169,-38.62275
07-07-2022,30,225.0,0.3226,5,10.55695,-36.96709
07-07-2022,34,255.0,0.3548,5,6.13274,-32.10761
07-07-2022,36,270.0,0.3871,5,3.02873,-29.04201
07-07-2022,40,300.0,0.4194,2,-6.03027,-21.06621
07-07-2022,42,315.0,0.4516,2,-9.28187,-18.45448
07-07-2022,46,345.0,0.4839,2,-16.45681,-12.85998
07-07-2022,96,360.0,0.5161,2,-19.58568,-10.51546
07-07-2022,100,390.0,0.5484,2,-26.82766,-5.50310
07-07-2022,102,405.0,0.5806,2,-29.66748,-3.52114
07-07-2022,106,435.0,0.6129,2,-34.69765,-0.11023
07-07-2022,108,450.0,0.6452,2,-36.21433,0.66959
07-07-2022,112,480.0,0.6774,2,-36.83806,0.07910
07-07-2022,114,495.0,0.7097,2,-36.68625,-0.65182
07-07-2022,118,525.0,0.7419,2,-36.40260,-2.23250
07-07-2022,120,540.0,0.7742,2,-36.24399,-3.05017
07-07-2022,124,570.0,0.8065,2,-34.52086,-5.68805
07-07-2022,126,585.0,0.8387,2,-36.24605,-5.03851
07-07-2022,130,615.0,0.8710,2,-36.41646,-6.39256
07-07-2022,132,630.0,0.9032,2,-36.56406,-6.92089
07-07-2022,136,660.0,0.9355,2,-37.16192,-7.45482
07-07-2022,138,675.0,0.9677,2,-37.46172,-7.73946
07-07-2022,142,705.0,1.0000,2,-38.17432,-8.06186
08-06-2022,0,0.0,0.0000,5,6.08043,-31.56926
08-06-2022,4,30.0,0.0323,5,5.96123,-30.45306
08-06-2022,6,45.0,0.0645,5,5.70081,-29.57047
08-06-2022,10,75.0,0.0968,5,5.02437,-27.43478
08-06-2022,12,90.0,0.1290,5,4.59268,-26.01863
08-06-2022,16,120.0,0.1613,5,3.36669,-22.40113
08-06-2022,18,135.0,0.1935,5,2.54846,-20.13616
08-06-2022,22,165.0,0.2258,5,-0.10729,-14.49212
08-06-2022,24,180.0,0.2581,5,-1.90126,-11.52388
08-06-2022,28,210.0,0.2903,4,-6.91623,-5.37409
08-06-2022,30,225.0,0.3226,4,-9.83940,-2.63761
08-06-2022,34,255.0,0.3548,2,-14.48459,0.61489
08-06-2022,36,270.0,0.3871,2,-16.67388,2.21707
08-06-2022,40,300.0,0.4194,2,-20.64107,4.10413
08-06-2022,42,315.0,0.4516,2,-22.54409,4.25650
08-06-2022,46,345.0,0.4839,2,-24.75773,3.20348
08-06-2022,96,360.0,0.5161,2,-25.38746,2.39764
08-06-2022,100,390.0,0.5484,2,-26.35759,0.64191
08-06-2022,102,405.0,0.5806,2,-26.75093,-0.33668
08-06-2022,106,435.0,0.6129,2,-27.52610,-1.69039
08-06-2022,108,450.0,0.6452,2,-27.98215,-2.26023
08-06-2022,112,480.0,0.6774,2,-29.05766,-3.47308
08-06-2022,114,495.0,0.7097,2,-29.66269,-3.75479
08-06-2022,118,525.0,0.7419,2,-31.22737,-3.85684
08-06-2022,120,540.0,0.7742,2,-32.19985,-3.81104
08-06-2022,124,570.0,0.8065,2,-31.83220,-5.44666
08-06-2022,126,585.0,0.8387,2,-34.55240,-3.34374
08-06-2022,130,615.0,0.8710,2,-35.98318,-3.03888
08-06-2022,132,630.0,0.9032,2,-36.63254,-2.92541
08-06-2022,136,660.0,0.9355,2,-38.04247,-2.27843
08-06-2022,138,675.0,0.9677,2,-38.62034,-2.09634
08-06-2022,142,705.0,1.0000,2,-39.60363,-1.79666
08-07-2022,0,-15.0,0.0000,2,-27.19851,1.17037
08-07-2022,4,15.0,0.0323,2,-29.00832,0.36175
08-07-2022,6,30.0,0.0645,2,-29.96697,0.27262
08-07-2022,10,60.0,0.0968,2,-31.99572,0.37339
08-07-2022,12,75.0,0.1290,2,-33.15067,0.54338
08-07-2022,16,105.0,0.1613,2,-35.24739,0.89489
08-07-2022,18,120.0,0.1935,2,-36.22242,1.08429
08-07-2022,22,150.0,0.2258,1,-38.03126,1.36840
08-07-2022,24,165.0,0.2581,1,-38.85825,1.45144
08-07-2022,28,195.0,0.2903,1,-40.31990,1.47534
08-07-2022,30,210.0,0.3226,1,-41.06262,1.51360
08-07-2022,34,240.0,0.3548,1,-42.40569,1.37948
08-07-2022,36,255.0,0.3871,1,-43.12857,1.34787
08-07-2022,40,285.0,0.4194,1,-44.33590,1.10245
08-07-2022,42,300.0,0.4516,1,-44.89481,0.96442
08-07-2022,46,330.0,0.4839,1,-45.97324,0.63965
08-07-2022,96,345.0,0.5161,1,-46.41640,0.39339
08-07-2022,100,375.0,0.5484,1,-47.32173,-0.11095
08-07-2022,102,390.0,0.5806,1,-47.84393,-0.43013
08-07-2022,106,420.0,0.6129,1,-48.72161,-0.91091
08-07-2022,108,435.0,0.6452,1,-49.09346,-1.22434
08-07-2022,112,465.0,0.6774,1,-49.70900,-1.92106
08-07-2022,114,480.0,0.7097,1,-49.94513,-2.23664
08-07-2022,118,510.0,0.7419,1,-50.50262,-2.75693
08-07-2022,120,525.0,0.7742,1,-50.70687,-2.97245
08-07-2022,124,555.0,0.8065,1,-48.86024,-4.97319
08-07-2022,126,570.0,0.8387,1,-51.21866,-3.19110
08-07-2022,129,600.0,0.8710,1,-51.85841,-2.49462
08-07-2022,131,615.0,0.9032,1,-51.00413,-3.37105
08-07-2022,135,645.0,0.9355,1,-50.50273,-2.93981
08-07-2022,137,660.0,0.9677,1,-50.35284,-2.24238
08-07-2022,141,690.0,1.0000,1,-49.73169,0.18944
08-15-2021,0,1.0,0.0000,6,38.02075,9.33772
08-15-2021,12,4.0,0.0323,6,36.21051,-1.14825
08-15-2021,24,7.0,0.0645,6,35.19865,-2.84274
08-15-2021,36,10.0,0.0968,6,37.36389,-12.31872
08-15-2021,48,13.0,0.1290,6,33.04133,0.79537
08-15-2021,60,16.0,0.1613,6,33.48912,3.49632
08-15-2021,72,19.0,0.1935,6,33.88864,-0.36482
08-15-2021,84,22.0,0.2258,6,33.60219,-4.92764
08-15-2021,100,26.0,0.2581,6,33.74284,-19.03386
08-15-2021,112,29.0,0.2903,6,31.74565,-17.11475
08-15-2021,124,32.0,0.3226,6,23.64230,-8.62982
08-15-2021,136,35.0,0.3548,6,13.14358,0.90588
08-15-2021,148,38.0,0.3871,6,29.57125,-3.04376
08-15-2021,160,41.0,0.4194,6,20.32909,0.78637
08-15-2021,172,44.0,0.4516,6,11.83636,3.85573
08-15-2021,184,47.0,0.4839,6,9.12588,5.42704
08-15-2021,196,50.0,0.5161,6,30.02775,15.01753
08-15-2021,208,53.0,0.5484,6,28.51743,15.64238
08-15-2021,220,56.0,0.5806,6,29.28242,13.05278
08-15-2021,232,59.0,0.6129,6,28.82239,10.51201
08-15-2021,244,62.0,0.6452,6,21.45033,24.53788
08-15-2021,256,65.0,0.6774,6,21.15402,28.57527
08-15-2021,268,68.0,0.7097,6,19.81512,28.59567
08-15-2021,280,71.0,0.7419,6,19.68278,27.01922
08-15-2021,296,75.0,0.7742,6,24.16948,11.75154
08-15-2021,308,78.0,0.8065,6,17.12946,13.30484
08-15-2021,320,81.0,0.8387,6,12.19265,14.54985
08-15-2021,332,84.0,0.8710,6,9.82184,16.66706
08-15-2021,344,87.0,0.9032,6,17.03884,26.41525
08-15-2021,356,90.0,0.9355,6,11.09161,34.80066
08-15-2021,368,93.0,0.9677,6,5.14245,34.35944
08-15-2021,380,96.0,1.0000,6,1.86903,36.03387
09-14-2022,0,-15.0,0.0000,4,-7.18651,7.71053
09-14-2022,4,15.0,0.0323,4,-6.69959,7.21115
09-14-2022,6,30.0,0.0645,4,-6.43519,6.89501
09-14-2022,10,60.0,0.0968,4,-6.09127,6.10458
09-14-2022,12,75.0,0.1290,4,-6.08526,5.78359
09-14-2022,16,105.0,0.1613,4,-6.30859,5.26381
09-14-2022,18,120.0,0.1935,4,-6.58544,5.01438
09-14-2022,22,150.0,0.2258,4,-7.26998,4.67539
09-14-2022,24,165.0,0.2581,4,-7.78432,4.64107
09-14-2022,28,195.0,0.2903,4,-8.86776,4.58913
09-14-2022,30,210.0,0.3226,4,-9.44008,4.64271
09-14-2022,34,240.0,0.3548,4,-10.73450,4.65778
09-14-2022,36,255.0,0.3871,4,-11.35719,4.78741
09-14-2022,40,285.0,0.4194,4,-12.51503,4.96773
09-14-2022,42,300.0,0.4516,4,-13.15991,5.02938
09-14-2022,46,330.0,0.4839,4,-14.43262,5.16240
09-14-2022,96,345.0,0.5161,4,-15.00327,5.20019
09-14-2022,100,375.0,0.5484,4,-16.57858,5.47130
09-14-2022,102,390.0,0.5806,4,-17.17189,5.50921
09-14-2022,106,420.0,0.6129,4,-18.37789,5.69653
09-14-2022,108,435.0,0.6452,4,-18.97754,5.75925
09-14-2022,112,465.0,0.6774,4,-20.15253,5.72797
09-14-2022,114,480.0,0.7097,4,-20.68604,5.74717
09-14-2022,118,510.0,0.7419,4,-21.79283,5.86326
09-14-2022,120,525.0,0.7742,4,-22.33146,5.91158
09-14-2022,124,555.0,0.8065,4,-21.61928,4.23646
09-14-2022,126,570.0,0.8387,4,-24.05424,6.12177
09-14-2022,129,600.0,0.8710,4,-24.81187,6.62642
09-14-2022,131,615.0,0.9032,4,-24.62805,5.83583
09-14-2022,135,645.0,0.9355,4,-25.14305,5.37399
09-14-2022,137,660.0,0.9677,4,-25.54068,5.29830
09-14-2022,141,690.0,1.0000,4,-26.19728,5.11611
09-16-2022,0,0.0,0.0000,4,7.07779,6.59239
09-16-2022,4,30.0,0.0323,4,4.23258,3.29487
09-16-2022,6,45.0,0.0645,4,3.76803,1.74571
09-16-2022,10,75.0,0.0968,4,3.46863,-1.05728
09-16-2022,12,90.0,0.1290,4,3.09687,-2.30154
09-16-2022,16,120.0,0.1613,4,2.59417,-4.06108
09-16-2022,18,135.0,0.1935,4,2.25263,-4.67617
09-16-2022,22,165.0,0.2258,4,1.92958,-5.53639
09-16-2022,24,180.0,0.2581,4,1.59822,-5.84498
09-16-2022,28,210.0,0.2903,4,1.40217,-6.36927
09-16-2022,30,225.0,0.3226,4,1.22175,-6.53796
09-16-2022,34,255.0,0.3548,4,1.22039,-6.91958
09-16-2022,36,270.0,0.3871,4,1.34581,-7.06837
09-16-2022,40,300.0,0.4194,4,1.36736,-7.31405
09-16-2022,42,315.0,0.4516,4,1.36870,-7.43068
09-16-2022,46,345.0,0.4839,4,1.65930,-7.68134
09-16-2022,96,360.0,0.5161,4,1.85527,-7.85847
09-16-2022,100,390.0,0.5484,4,2.03506,-8.00811
09-16-2022,102,405.0,0.5806,4,2.07432,-8.09594
09-16-2022,106,435.0,0.6129,4,2.19811,-8.17278
09-16-2022,108,450.0,0.6452,4,2.38786,-8.26427
09-16-2022,112,480.0,0.6774,4,1.97679,-7.74212
09-16-2022,114,495.0,0.7097,4,1.73534,-7.34525
09-16-2022,118,525.0,0.7419,4,0.97244,-6.24783
09-16-2022,120,540.0,0.7742,4,0.32943,-5.36714
09-16-2022,124,570.0,0.8065,4,-1.08415,-3.42483
09-16-2022,126,585.0,0.8387,4,-1.93584,-2.18374
09-16-2022,130,615.0,0.8710,4,-3.20551,-0.27633
09-16-2022,132,630.0,0.9032,4,-3.74789,0.72890
09-16-2022,136,660.0,0.9355,4,-4.98820,2.26398
09-16-2022,138,675.0,0.9677,4,-7.01224,4.17230
09-16-2022,142,705.0,1.0000,4,-7.99115,6.08203
09-24-2022,0,0.0,0.0000,4,8.22200,9.00501
09-24-2022,4,30.0,0.0323,4,8.40699,9.74969
09-24-2022,6,45.0,0.0645,4,8.45133,10.31740
09-24-2022,10,75.0,0.0968,4,9.04865,10.85380
09-24-2022,12,90.0,0.1290,4,8.89141,11.32385
09-24-2022,16,120.0,0.1613,4,9.09098,11.85975
09-24-2022,18,135.0,0.1935,4,8.91796,12.26036
09-24-2022,22,165.0,0.2258,4,9.06253,12.60956
09-24-2022,24,180.0,0.2581,4,8.93249,12.85503
09-24-2022,28,210.0,0.2903,4,8.84798,13.13902
09-24-2022,30,225.0,0.3226,4,8.64615,13.30600
09-24-2022,34,255.0,0.3548,4,8.58684,13.45711
09-24-2022,36,270.0,0.3871,4,8.20121,13.88434
09-24-2022,40,300.0,0.4194,4,7.37610,14.52919
09-24-2022,42,315.0,0.4516,4,7.01107,14.67731
09-24-2022,46,345.0,0.4839,4,6.16837,14.95543
09-24-2022,96,360.0,0.5161,4,5.69138,15.03045
09-24-2022,100,390.0,0.5484,4,4.64834,14.92164
09-24-2022,102,405.0,0.5806,4,4.30448,14.68549
09-24-2022,106,435.0,0.6129,4,2.79423,14.14322
09-24-2022,108,450.0,0.6452,4,2.05237,13.67225
09-24-2022,112,480.0,0.6774,4,0.77918,12.86895
09-24-2022,114,495.0,0.7097,4,0.21843,12.53414
09-24-2022,118,525.0,0.7419,4,-1.28389,11.73074
09-24-2022,120,540.0,0.7742,4,-2.05147,11.37999
09-24-2022,124,570.0,0.8065,4,-3.94670,10.91607
09-24-2022,126,585.0,0.8387,4,-4.70391,10.63076
09-24-2022,130,615.0,0.8710,4,-6.27112,9.98508
09-24-2022,132,630.0,0.9032,4,-7.09833,9.73795
09-24-2022,136,660.0,0.9355,4,-8.76359,9.37856
09-24-2022,138,675.0,0.9677,4,-9.97678,9.45320
09-24-2022,142,705.0,1.0000,4,-12.07694,9.72321
09-29-2021,0,-15.0,0.0000,6,13.68566,14.99265
09-29-2021,4,15.0,0.0323,6,14.69645,3.49612
09-29-2021,6,30.0,0.0645,6,15.27958,-3.13133
09-29-2021,10,60.0,0.0968,6,15.68422,-9.25522
09-29-2021,12,75.0,0.1290,6,16.89607,-11.18371
09-29-2021,16,105.0,0.1613,6,19.69899,-9.52399
09-29-2021,18,120.0,0.1935,6,21.23210,-8.70152
09-29-2021,22,150.0,0.2258,6,23.73293,-6.86063
09-29-2021,24,165.0,0.2581,6,24.53768,-6.22441
09-29-2021,28,195.0,0.2903,6,25.73680,-5.48118
09-29-2021,30,210.0,0.3226,6,26.39520,-5.22584
09-29-2021,34,240.0,0.3548,6,26.84231,-5.00905
09-29-2021,36,255.0,0.3871,6,26.73730,-4.39274
09-29-2021,40,285.0,0.4194,6,26.70482,-3.65015
09-29-2021,42,300.0,0.4516,6,26.71000,-3.74145
09-29-2021,46,330.0,0.4839,6,26.31101,-3.56626
09-29-2021,96,345.0,0.5161,6,26.47299,-3.82891
09-29-2021,100,375.0,0.5484,6,25.70405,-4.25978
09-29-2021,102,390.0,0.5806,6,25.24996,-3.30512
09-29-2021,106,420.0,0.6129,6,25.22968,-4.16428
09-29-2021,108,435.0,0.6452,6,24.89246,-4.07453
09-29-2021,111,465.0,0.6774,6,23.63983,-2.26915
09-29-2021,113,480.0,0.7097,6,23.75672,-3.69309
09-29-2021,117,510.0,0.7419,6,23.16280,-2.76786
09-29-2021,119,525.0,0.7742,6,22.92634,-3.04907
09-29-2021,123,555.0,0.8065,6,21.95448,-2.36833
09-29-2021,125,570.0,0.8387,6,20.14108,0.60344
09-29-2021,129,600.0,0.8710,6,20.15724,0.20503
09-29-2021,131,615.0,0.9032,6,21.29374,-1.02422
09-29-2021,135,645.0,0.9355,6,22.06547,-2.53450
09-29-2021,137,660.0,0.9677,6,22.15617,-2.27070
09-29-2021,141,690.0,1.0000,6,22.54709,-3.03854
09-30-2021,0,-15.0,0.0000,6,35.86252,-14.01537
09-30-2021,4,15.0,0.0323,6,37.15127,-17.40499
09-30-2021,6,30.0,0.0645,6,37.92725,-19.31001
09-30-2021,10,60.0,0.0968,6,38.89021,-22.18145
09-30-2021,12,75.0,0.1290,6,39.27075,-23.04419
09-30-2021,16,105.0,0.1613,6,39.50180,-22.60734
09-30-2021,18,120.0,0.1935,6,39.34596,-20.87635
09-30-2021,22,150.0,0.2258,6,39.25949,-16.57578
09-30-2021,24,165.0,0.2581,6,39.35044,-14.81568
09-30-2021,28,195.0,0.2903,6,39.16265,-11.79360
09-30-2021,30,210.0,0.3226,6,39.23521,-11.20134
09-30-2021,34,240.0,0.3548,6,38.81485,-10.20751
09-30-2021,36,255.0,0.3871,6,38.51275,-9.82689
09-30-2021,40,285.0,0.4194,6,37.84972,-9.83222
09-30-2021,42,300.0,0.4516,6,37.32396,-9.59546
09-30-2021,46,330.0,0.4839,6,36.40535,-9.39239
09-30-2021,96,345.0,0.5161,6,36.09219,-9.26000
09-30-2021,100,375.0,0.5484,6,35.36583,-8.98929
09-30-2021,102,390.0,0.5806,6,35.11972,-8.93498
09-30-2021,106,420.0,0.6129,6,34.71752,-8.53076
09-30-2021,108,435.0,0.6452,6,34.48970,-8.55873
09-30-2021,112,465.0,0.6774,6,33.86964,-8.41900
09-30-2021,114,480.0,0.7097,6,33.36131,-8.13292
09-30-2021,118,510.0,0.7419,6,32.85245,-7.82065
09-30-2021,120,525.0,0.7742,6,32.46450,-7.52337
09-30-2021,124,555.0,0.8065,6,31.89572,-7.00128
09-30-2021,126,570.0,0.8387,6,31.42952,-6.18661
09-30-2021,130,600.0,0.8710,6,31.45306,-6.39112
09-30-2021,132,615.0,0.9032,6,31.45790,-6.40344
09-30-2021,136,645.0,0.9355,6,31.39918,-6.32222
09-30-2021,138,660.0,0.9677,6,31.28638,-5.87946
09-30-2021,142,690.0,1.0000,6,30.97676,-5.26600
10-05-2021,0,-15.0,0.0000,6,35.42586,2.01694
10-05-2021,4,15.0,0.0323,6,34.74557,-3.18775
10-05-2021,6,30.0,0.0645,6,34.62162,-5.26540
10-05-2021,10,60.0,0.0968,6,34.03842,-9.90812
10-05-2021,12,75.0,0.1290,6,33.61898,-12.46024
10-05-2021,16,105.0,0.1613,5,31.67872,-17.59185
10-05-2021,18,120.0,0.1935,5,30.24964,-20.25359
10-05-2021,22,150.0,0.2258,5,27.15621,-23.43472
10-05-2021,24,165.0,0.2581,5,25.90633,-22.84797
10-05-2021,28,195.0,0.2903,5,24.77882,-16.70143
10-05-2021,30,210.0,0.3226,5,24.80577,-11.78619
10-05-2021,34,240.0,0.3548,6,24.49817,0.94277
10-05-2021,36,255.0,0.3871,6,24.33553,4.94929
10-05-2021,40,285.0,0.4194,6,23.55582,10.83964
10-05-2021,42,300.0,0.4516,6,22.80016,12.50520
10-05-2021,46,330.0,0.4839,6,22.22680,13.55131
10-05-2021,96,345.0,0.5161,6,21.68774,15.27877
10-05-2021,100,375.0,0.5484,6,20.97599,13.77692
10-05-2021,102,390.0,0.5806,6,21.40220,12.71680
10-05-2021,106,420.0,0.6129,6,20.93294,12.33376
10-05-2021,108,435.0,0.6452,6,21.12531,11.50485
10-05-2021,112,465.0,0.6774,6,21.70988,10.17354
10-05-2021,114,480.0,0.7097,6,22.06707,10.53369
10-05-2021,118,510.0,0.7419,6,22.13596,8.81600
10-05-2021,120,525.0,0.7742,6,22.46058,8.32404
10-05-2021,124,555.0,0.8065,6,22.39951,8.52242
10-05-2021,126,570.0,0.8387,6,23.07946,7.67166
10-05-2021,130,600.0,0.8710,6,23.41519,7.22050
10-05-2021,132,615.0,0.9032,6,23.54848,6.92485
10-05-2021,136,645.0,0.9355,6,24.36747,6.56273
10-05-2021,138,660.0,0.9677,6,24.61099,5.61576
10-05-2021,142,690.0,1.0000,6,25.36887,5.39336
11-01-2021,0,-15.0,0.0000,6,37.36025,-7.25595
11-01-2021,4,15.0,0.0323,6,37.03209,-10.09792
11-01-2021,6,30.0,0.0645,6,36.41939,-11.48515
11-01-2021,10,60.0,0.0968,6,34.84252,-12.84824
11-01-2021,12,75.0,0.1290,6,34.11570,-12.73540
11-01-2021,16,105.0,0.1613,6,32.60797,-9.93210
11-01-2021,18,120.0,0.1935,6,32.03229,-7.64752
11-01-2021,22,150.0,0.2258,6,30.52764,0.55466
11-01-2021,24,165.0,0.2581,6,29.65910,4.31874
11-01-2021,28,195.0,0.2903,6,28.89253,10.63796
11-01-2021,30,210.0,0.3226,6,28.94541,13.84929
11-01-2021,34,240.0,0.3548,6,28.59482,17.73829
11-01-2021,36,255.0,0.3871,6,28.35663,18.55274
11-01-2021,40,285.0,0.4194,6,27.94222,18.02124
11-01-2021,42,300.0,0.4516,6,27.75550,17.18005
11-01-2021,46,330.0,0.4839,6,27.36666,15.76839
11-01-2021,96,345.0,0.5161,6,27.22825,15.30349
11-01-2021,100,375.0,0.5484,6,26.79290,14.51418
11-01-2021,102,390.0,0.5806,6,26.59734,14.46120
11-01-2021,106,420.0,0.6129,6,26.40967,14.62099
11-01-2021,108,435.0,0.6452,6,26.33140,14.75528
11-01-2021,112,465.0,0.6774,6,26.21519,15.25004
11-01-2021,114,480.0,0.7097,6,26.19223,15.48838
11-01-2021,118,510.0,0.7419,6,26.14833,16.05807
11-01-2021,120,525.0,0.7742,6,26.09175,16.29370
11-01-2021,124,555.0,0.8065,6,26.06553,16.80950
11-01-2021,126,570.0,0.8387,6,25.97564,17.09883
11-01-2021,130,600.0,0.8710,6,25.83040,17.69880
11-01-2021,132,615.0,0.9032,6,25.75064,17.94832
11-01-2021,136,645.0,0.9355,6,25.44993,18.37211
11-01-2021,138,660.0,0.9677,6,25.20433,18.90277
11-01-2021,142,690.0,1.0000,6,24.85737,19.63366
11-03-2021,0,-15.0,0.0000,3,11.00217,32.53160
11-03-2021,4,15.0,0.0323,3,10.86410,29.98784
11-03-2021,6,30.0,0.0645,3,10.65512,28.86568
11-03-2021,10,60.0,0.0968,3,10.36699,25.28098
11-03-2021,12,75.0,0.1290,3,10.28420,23.93531
11-03-2021,16,105.0,0.1613,3,10.67069,22.03950
11-03-2021,18,120.0,0.1935,3,11.34325,21.64703
11-03-2021,22,150.0,0.2258,3,13.09966,22.09420
11-03-2021,24,165.0,0.2581,3,13.74242,22.96996
11-03-2021,28,195.0,0.2903,3,15.31110,23.51160
11-03-2021,30,210.0,0.3226,3,16.26793,23.72118
11-03-2021,34,240.0,0.3548,3,17.10902,26.36993
11-03-2021,36,255.0,0.3871,3,17.34838,27.56078
11-03-2021,40,285.0,0.4194,3,17.79499,28.65725
11-03-2021,42,300.0,0.4516,3,17.58142,29.00182
11-03-2021,46,330.0,0.4839,3,12.70542,34.73279
11-03-2021,96,345.0,0.5161,3,10.60271,36.51067
11-03-2021,100,375.0,0.5484,3,7.70439,37.28983
11-03-2021,102,390.0,0.5806,3,5.91694,37.58695
11-03-2021,106,420.0,0.6129,3,2.74342,37.33308
11-03-2021,108,435.0,0.6452,3,1.48250,37.01871
11-03-2021,112,465.0,0.6774,3,-0.33474,36.24937
11-03-2021,114,480.0,0.7097,3,-0.58726,35.39122
11-03-2021,118,510.0,0.7419,3,-1.51536,34.49664
11-03-2021,120,525.0,0.7742,3,-1.95996,34.35063
11-03-2021,124,555.0,0.8065,3,-2.21480,33.76392
11-03-2021,126,570.0,0.8387,3,-2.40814,33.44742
11-03-2021,130,600.0,0.8710,3,-2.53821,33.26673
11-03-2021,132,615.0,0.9032,3,-2.62930,33.36219
11-03-2021,136,645.0,0.9355,3,-2.74328,33.80560
11-03-2021,138,660.0,0.9677,3,-2.66601,33.71606
11-03-2021,142,690.0,1.0000,3,-2.83592,33.94593
11-18-2021,0,-15.0,0.0000,5,20.54363,-14.06722
11-18-2021,4,15.0,0.0323,5,21.43137,-17.47809
11-18-2021,6,30.0,0.0645,5,22.19480,-19.98312
11-18-2021,10,60.0,0.0968,5,22.83213,-25.77049
11-18-2021,12,75.0,0.1290,5,22.53170,-28.68392
11-18-2021,16,105.0,0.1613,5,20.26357,-32.93032
11-18-2021,18,120.0,0.1935,5,18.97268,-34.03086
11-18-2021,22,150.0,0.2258,5,16.45091,-34.91481
11-18-2021,24,165.0,0.2581,5,15.18647,-33.91067
11-18-2021,28,195.0,0.2903,5,12.62614,-28.17227
11-18-2021,30,210.0,0.3226,5,11.38371,-23.18323
11-18-2021,34,240.0,0.3548,6,8.82786,-12.54609
11-18-2021,36,255.0,0.3871,6,7.38359,-8.06133
11-18-2021,40,285.0,0.4194,6,4.28697,-3.09296
11-18-2021,42,300.0,0.4516,6,2.28537,-1.67548
11-18-2021,46,330.0,0.4839,6,-0.29847,-1.26845
11-18-2021,96,345.0,0.5161,6,-1.49528,-2.10195
11-18-2021,100,375.0,0.5484,4,-2.94764,-3.69937
11-18-2021,102,390.0,0.5806,4,-3.71453,-4.20574
11-18-2021,106,420.0,0.6129,4,-5.10888,-5.47332
11-18-2021,108,435.0,0.6452,4,-5.79045,-5.61745
11-18-2021,112,465.0,0.6774,4,-6.90816,-5.84810
11-18-2021,114,480.0,0.7097,4,-7.50675,-5.53759
11-18-2021,118,510.0,0.7419,4,-8.32181,-4.57867
11-18-2021,120,525.0,0.7742,4,-8.65630,-4.35780
11-18-2021,124,555.0,0.8065,4,-9.32338,-2.96442
11-18-2021,126,570.0,0.8387,4,-9.50139,-2.52344
11-18-2021,130,600.0,0.8710,4,-9.56266,-1.23931
11-18-2021,132,615.0,0.9032,4,-9.51304,-0.30716
11-18-2021,136,645.0,0.9355,4,-9.24389,2.22925
11-18-2021,138,660.0,0.9677,4,-8.83702,3.06097
11-18-2021,142,690.0,1.0000,4,-7.48214,7.35985
12-14-2021,0,-15.0,0.0000,6,34.55694,-5.75466
12-14-2021,4,15.0,0.0323,6,33.81961,-6.40934
12-14-2021,6,30.0,0.0645,6,33.38183,-6.69336
12-14-2021,10,60.0,0.0968,6,32.36882,-7.02134
12-14-2021,12,75.0,0.1290,6,31.78680,-7.03921
12-14-2021,16,105.0,0.1613,6,30.67379,-6.93938
12-14-2021,18,120.0,0.1935,6,29.97096,-6.66441
12-14-2021,22,150.0,0.2258,6,28.80921,-6.13609
12-14-2021,24,165.0,0.2581,6,27.95590,-5.58945
12-14-2021,28,195.0,0.2903,6,26.46968,-4.50053
12-14-2021,30,210.0,0.3226,6,25.73428,-3.91705
12-14-2021,34,240.0,0.3548,6,24.06899,-2.61505
12-14-2021,36,255.0,0.3871,6,23.28692,-1.96527
12-14-2021,40,285.0,0.4194,6,21.80320,-0.61728
12-14-2021,42,300.0,0.4516,6,20.98575,0.10550
12-14-2021,46,330.0,0.4839,6,19.88007,0.95334
12-14-2021,96,345.0,0.5161,6,19.68966,1.14835
12-14-2021,100,375.0,0.5484,6,19.00468,1.78309
12-14-2021,102,390.0,0.5806,6,18.39335,2.43159
12-14-2021,106,420.0,0.6129,6,17.24376,3.43773
12-14-2021,108,435.0,0.6452,6,16.99914,3.58909
12-14-2021,112,465.0,0.6774,6,16.12460,4.43064
12-14-2021,114,480.0,0.7097,6,15.80518,4.87988
12-14-2021,118,510.0,0.7419,6,15.50217,5.23617
12-14-2021,120,525.0,0.7742,6,15.17557,5.67631
12-14-2021,124,555.0,0.8065,6,14.79059,6.37091
12-14-2021,126,570.0,0.8387,6,14.58273,6.83841
12-14-2021,130,600.0,0.8710,6,14.51253,7.13005
12-14-2021,132,615.0,0.9032,6,14.56617,7.34309
12-14-2021,136,645.0,0.9355,6,14.37173,7.98781
12-14-2021,138,660.0,0.9677,6,13.63119,9.07533
12-14-2021,142,690.0,1.0000,6,13.62568,9.58006
12-15-2021,0,-15.0,0.0000,6,16.64817,-4.64940
12-15-2021,4,15.0,0.0323,6,17.05075,-6.71116
12-15-2021,6,30.0,0.0645,6,17.39485,-8.01725
12-15-2021,10,60.0,0.0968,6,18.47797,-9.61645
12-15-2021,12,75.0,0.1290,6,19.61853,-9.73094
12-15-2021,16,105.0,0.1613,6,23.68317,-7.62588
12-15-2021,18,120.0,0.1935,6,26.73037,-5.51177
12-15-2021,22,150.0,0.2258,6,33.30267,0.34163
12-15-2021,24,165.0,0.2581,6,35.24058,2.55783
12-15-2021,28,195.0,0.2903,6,35.48184,4.41349
12-15-2021,30,210.0,0.3226,6,34.65359,4.63991
12-15-2021,34,240.0,0.3548,6,32.32602,4.29652
12-15-2021,36,255.0,0.3871,6,31.02283,3.79520
12-15-2021,40,285.0,0.4194,6,29.30770,3.30407
12-15-2021,42,300.0,0.4516,6,28.36098,2.86347
12-15-2021,46,330.0,0.4839,6,28.22157,2.63973
12-15-2021,96,345.0,0.5161,6,28.65345,2.89856
12-15-2021,100,375.0,0.5484,6,28.75002,2.71690
12-15-2021,102,390.0,0.5806,6,28.76160,3.01941
12-15-2021,106,420.0,0.6129,6,28.32668,2.83919
12-15-2021,108,435.0,0.6452,6,28.04650,2.79002
12-15-2021,112,465.0,0.6774,6,27.96262,2.78718
12-15-2021,114,480.0,0.7097,6,27.97163,2.78565
12-15-2021,118,510.0,0.7419,6,27.94851,2.81954
12-15-2021,120,525.0,0.7742,6,27.74405,2.95895
12-15-2021,124,555.0,0.8065,6,27.11440,2.79234
12-15-2021,126,570.0,0.8387,6,26.73387,2.82880
12-15-2021,130,600.0,0.8710,6,26.49802,2.97059
12-15-2021,132,615.0,0.9032,6,26.40412,2.90824
12-15-2021,136,645.0,0.9355,6,26.11128,3.08933
12-15-2021,138,660.0,0.9677,6,25.95222,3.27699
12-15-2021,142,690.0,1.0000,6,25.44519,3.64687
